0,0,-0
-0.222804771736264,0.0568907090928406,-0.423000006005168
-0.445609500166029,1.16415321826935e-10,-1.0530000180006
-0.557011841796339,1.16415321826935e-10,-1.43800002522767
-0.779816540423781,1.16415321826935e-10,-1.74200004991144
-0.779816506430507,1.16415321826935e-10,-2.01900004968047
-0.779816481284797,1.16415321826935e-10,-2.22700004931539
-0.668414101004601,1.16415321826935e-10,-2.48000003676862
-0.557011733297259,0.056890694075264,-2.67500002589077
-0.445609366055578,0.11378137988504,-2.95400001853704
-0.445609346032143,0.170672062784433,-3.21200001984835
-0.557011664379388,0.284453440108337,-3.34900003112853
-0.557011645752937,0.398234809515998,-3.45400003809482
-0.445609311107546,0.512016183347441,-3.26700003631413
-0.445609281305224,0.568906842847355,-3.5780000416562
-0.334206936415285,0.568906802334823,-3.84600003622472
-0.222804618999362,0.512016108375974,-3.82800002675503
-0.111402300652117,0.455125417676754,-3.81300001777709
-0.111402303911746,0.39823472907301,-3.9950000140816
2.09547579288483e-08,0.398234711145051,-4.09500001370907
0.111402329523116,0.28445334895514,-4.27000000886619
4.65661287307739e-10,2.3283064365387e-10,-4.76500000245869
0.222804618533701,-0.227562646730803,-4.98400001041591
1.67103485157713,-1.59293784503825,-5.28100042045116
3.89908258384094,-4.20990436011925,-5.77700257953256
7.35255921306089,-7.85089529457036,-6.00100905634463
12.0314657879062,-11.833218922955,-5.97502229176462
17.6015927363187,-15.474185965606,-6.242042995058
24.0629435614683,-19.684040096472,-6.60907565802336
31.6383242332377,-24.7472230789717,-7.45812630467117
39.65932364529,-30.2655022637919,-8.10019483976066
48.4601442222483,-36.0681963217212,-9.24028569087386
56.9267588942312,-41.6433041079435,-10.6703894650564
66.2846233500168,-48.0148406859953,-10.3935244549066
75.6424864432774,-54.3294481142657,-11.1456790314987
85.1117673502304,-60.9284695767565,-11.7018577512354
95.0266688205302,-68.3807768762344,-13.1640730174258
104.718786987476,-75.8899421843234,-14.0403093835339
114.522317485884,-83.3990629840409,-15.0375712867826
124.325866272207,-91.249473410775,-16.1308619249612
133.461059319321,-100.351414381643,-16.7001827703789
142.596287767868,-110.13596716302,-17.4815413691103
151.063186441548,-121.001389050507,-17.1939325248823
159.418646959122,-131.58227847435,-19.2353447303176
166.994373443536,-142.845825778786,-20.1177801508456
174.235916644335,-153.881787476013,-20.9762297924608
182.034473330248,-164.291914356407,-21.8277064459398
189.387486365624,-175.27090348606,-22.289211910218
196.406336024404,-186.249876089045,-22.3647344019264
203.090988515411,-196.603072497644,-22.1342535531148
209.330027525779,-206.273612036835,-21.8097597770393
215.123392348643,-214.578837466077,-21.8942257259041
220.805276324973,-221.177430990152,-21.8886446021497
227.266851439606,-225.500475134701,-21.8440223997459
233.83972736029,-228.11688460072,-21.8863526247442
240.189804688562,-230.676418504911,-21.7376802507788
245.648716725875,-234.430598717765,-22.2300245463848
248.991075722501,-239.436413184507,-22.6243395470083
248.880002113059,-244.556231005816,-22.5885289851576
246.986379045527,-248.481498418958,-23.7216067686677
243.644498897716,-251.326052148128,-23.9115895051509
241.639511106536,-255.251364362193,-24.2806687820703
241.639867468271,-261.110665161395,-25.4149053860456
243.979789050296,-268.050690670847,-25.5412815716118
247.990858227015,-276.298992612516,-25.4097872581333
254.007243097294,-285.627951539122,-25.7714337743819
259.578052726574,-295.013807744486,-25.9880840610713
265.928819912486,-305.935504755937,-26.2748587355018
273.059447173961,-317.027759262244,-26.5377001538873
279.521698108409,-328.063152622199,-26.6075365571305
284.647116256878,-338.75729790167,-26.9163207067177
291.443548600189,-349.053046560148,-27.4061811771244
297.794358607847,-358.836833479116,-27.7460159016773
304.70223093871,-368.620566085796,-27.5008984813467
312.501254615374,-377.664639831171,-27.5918033458292
321.191433552653,-385.85530666064,-27.5807237569243
329.992988747545,-393.704601692967,-27.7256512194872
339.017343285028,-401.212542501045,-27.5765908565372
348.264474845491,-408.492862078594,-27.7535496745259
357.622975411359,-415.31805665174,-27.8705068379641
367.315618797205,-421.631194733316,-28.3024704456329
377.565232883207,-427.546039361157,-28.792461280711
388.26041970402,-432.891978606582,-28.9174625920132
399.40106525179,-437.213874158217,-29.6504440512508
410.652913656086,-440.056707618642,-30.8423530673608
422.12744822586,-441.648078884464,-31.5752113405615
434.158818355296,-441.646639770595,-32.104018272832
445.855747521855,-439.597430142458,-32.5656833965331
458.22098758677,-436.694901719806,-33.0493602221832
471.143132510595,-433.16658142861,-33.9870609780774
484.06526873121,-429.581401353469,-34.9507860206068
496.653256935533,-426.166966244113,-35.4185246033594
508.015939296223,-422.809662439162,-34.5461959643289
519.378646317404,-419.736780336476,-33.8349079815671
528.958940937184,-417.062264872948,-33.4985197167844
538.98511480866,-416.549266482936,-32.7883250331506
549.679826634005,-417.628859189921,-32.6733075045049
559.706197957974,-419.561731773079,-32.8353053713217
569.73250594968,-421.892687011394,-34.2103458279744
579.870278243441,-424.45117217931,-35.1484281066805
590.230911505409,-427.350921305362,-35.8715709140524
600.368711910676,-429.966274586157,-36.5616917600855
609.726702846587,-432.524828296388,-37.1457513943315
618.081983020063,-434.514652663958,-38.0306899258867
624.87762559019,-435.651493348647,-38.0254289535806
630.002098841127,-436.049031299422,-38.5989597961307
634.792213182431,-435.252098775236,-39.3253800952807
640.027622661088,-431.156078481115,-39.3956254087389
643.480386353564,-424.671312451246,-38.9965385720134
646.375975857954,-416.707712953095,-38.7323071863502
647.489195978269,-409.028728143196,-38.3489241721109
648.825215016957,-401.52034140972,-38.3445839360356
650.272661499679,-394.239462963655,-38.467278169468
652.611445597839,-388.096106352983,-38.661141037941
653.836207540706,-381.895984765841,-38.933893061243
654.949527300429,-375.127076905454,-39.1486065033823
655.84005978331,-368.358197565656,-39.3213044069707
656.50792365009,-362.783838376869,-39.4090543575585
658.067025066819,-357.835058560246,-39.9249360449612
659.291769154835,-350.895513205556,-40.1816778359935
660.962103482801,-342.70460649475,-39.6284063225612
663.300600893795,-332.238397688954,-39.7060965113342
665.304945664015,-322.113510178518,-39.8327870359644
666.86377924215,-312.728118684492,-39.882483785972
668.645432998426,-303.62710544921,-40.2132315337658
671.541267087683,-296.061791527085,-40.344180777669
672.877565050498,-289.634207658237,-40.5970271266997
674.659593852237,-284.856117234332,-40.952000586316
677.221578185912,-281.784383828868,-41.2061357926577
680.22923376644,-279.907093929243,-41.706373160705
682.234433271922,-279.565662257955,-41.7735722362995
683.793998441659,-279.451766119571,-42.251734145917
684.462499506772,-280.077415517182,-41.838833168149
684.685306583066,-280.077400488663,-41.8058570651338
684.796715905424,-280.191152011743,-41.8138740016147
686.133560284507,-280.646089107031,-41.9120375188068
687.804721799213,-282.523003744427,-41.9543000394478
688.250476520974,-284.911917669466,-42.2444540914148
687.804970178287,-286.618339713663,-42.5044823363423
687.582210491877,-287.073400535155,-42.4174787495285
687.805016811471,-287.016506607877,-42.3515002001077
688.139146316331,-286.220154837356,-42.4955005189404
688.584628669079,-284.684357683524,-42.5784799978137
689.141500838101,-283.26230392966,-42.8564769430086
689.475636245217,-282.636589747388,-43.0704853404313
689.141418831889,-282.693487942568,-43.2224517632276
687.136258148588,-284.001866569975,-43.4742935672402
681.009316124953,-287.13069671765,-44.2437766641378
676.664959638845,-290.657613648684,-43.8484739754349
672.877688164823,-295.890876375721,-44.0163136348128
670.20456884522,-302.88734265801,-44.3093599937856
668.311335220933,-310.225051135872,-44.291513283737
666.30682355864,-318.8710232788,-44.277729049325
664.525190340355,-327.91515796748,-44.064000739716
663.18920326978,-337.186782311182,-43.8743440005928
661.518982104026,-346.117151377257,-43.8806478576735
660.182784287259,-352.60165313154,-43.6398638142273
659.737738858443,-358.232873689616,-43.3191308127716
658.846906900872,-362.157712548622,-43.234259895049
657.956066962797,-365.968791893218,-43.1593849994242
656.285600531381,-371.543249160633,-42.9935345109552
654.281031109858,-378.08471217833,-42.8497121715918
652.610832503065,-386.048167475732,-42.6110170278698
651.720642542467,-395.831720708287,-42.4705242533237
650.273452917114,-405.672205354436,-42.5479934150353
649.048988326918,-414.659457330359,-42.7294453037903
647.267349540722,-421.599102021079,-42.5007181912661
646.042533864267,-426.946020848118,-42.4539488973096
644.928934240714,-430.814017133089,-42.6520957276225
644.483667010441,-433.43060557195,-42.2432275842875
643.481243044138,-434.568375184084,-41.6332036685199
643.147075342014,-434.795944004902,-41.5191854592413
643.258540031034,-435.307860142202,-41.4782315222546
642.813161689788,-437.128106370103,-41.288310835138
640.028456077445,-439.972470824374,-41.1942260824144
634.904189388268,-441.281368129188,-40.5638045081869
628.888409647625,-440.599495228729,-40.6041619265452
621.981323255692,-438.780131150037,-40.2413600124419
614.517232089769,-436.903950868058,-39.7685085553676
605.827730603516,-435.027910512639,-39.1945499582216
596.358452679124,-432.810716805398,-37.8095077313483
586.220692726318,-430.08164537733,-36.5343844424933
576.194339388516,-427.409427623614,-35.2562922742218
566.613609415945,-424.907789387624,-33.9932678509504
557.25563431019,-422.69046335062,-33.6312970248982
547.452052304056,-420.814439897193,-33.7073249090463
537.425735947676,-419.677891124622,-33.9463981371373
526.731160813477,-419.792835360277,-34.030514176935
514.699884030968,-420.988699686248,-34.1086112856865
503.002995260525,-423.83413479384,-34.2208667714149
491.640372510999,-427.134619440418,-34.2502010790631
480.277814284433,-431.00395281089,-34.3235956393182
468.803864749148,-434.930205107201,-34.4020084608346
456.884189226199,-437.946379037574,-34.7283499957994
444.96453641355,-440.962590319687,-34.7837152201682
434.158776314463,-442.158491462702,-33.600053653121
422.795740245376,-442.501033369103,-34.881314560771
410.764290282503,-441.478596710367,-33.806458263658
398.621233467013,-438.863383846823,-32.9965083198622
387.257773946039,-434.541504496709,-32.4955135863274
376.228464493062,-429.423209517961,-31.4615081520751
365.644662286155,-423.280916339136,-30.2424835097045
355.951992432587,-416.853995092213,-30.0625133924186
346.370689917821,-409.744439638569,-29.3515267129987
336.566501724534,-401.895342694712,-28.917504039593
326.650892775971,-393.761782714166,-28.5674828328192
316.958091394044,-385.457504972932,-28.1264881417155
307.93366902275,-376.64114596555,-27.6605209838599
299.466217835434,-367.25582649128,-27.253572142683
292.001337693073,-357.187730594887,-26.9456559186801
285.204861939885,-346.721333005466,-26.5727724973112
278.742634994444,-336.368645086419,-26.0949340164661
272.280406869948,-325.731483447365,-25.7131043421105
265.818195229862,-314.980507472996,-25.408293299377
259.578786966857,-303.888152669184,-25.1814996991307
253.673732658848,-293.649092483334,-23.7007838487625
247.880138872191,-284.09260860947,-22.6741244792938
242.977735383436,-273.853386550443,-21.6214892342687
237.963972140104,-264.23986852786,-21.3028958300129
233.507262144703,-254.683190214331,-20.5693434327841
229.60769273527,-246.662410398712,-19.6308875158429
226.599384149536,-239.72236892581,-19.8215160490945
225.596433798317,-233.86309216707,-18.8422635328025
226.821573544294,-229.596458700951,-19.4721523253247
230.609042047523,-227.150030857418,-20.9962006630376
234.730910798535,-227.092892712215,-21.109348885715
239.632686395664,-228.457887740224,-21.0345796570182
244.088901700918,-230.733088483685,-21.168830210343
247.765356353484,-233.918517204467,-21.3940876023844
249.659389150329,-237.388476151158,-21.8552892915905
250.105186393484,-240.858511748142,-22.6204365165904
248.657185251359,-244.158050603583,-22.257505084388
245.872309103142,-246.945678494754,-22.4065042547882
242.753222106025,-249.505793201504,-22.3434842564166
237.963017340284,-250.586972720339,-22.0313461525366
232.281405034009,-248.710093429661,-21.6000635810196
227.156536440365,-243.135480213561,-21.9466647300869
223.034150014631,-235.171533142915,-22.1762214805931
218.46611812152,-226.411167881219,-22.6017472930253
213.341108441353,-217.593942333711,-22.5872678011656
208.104718175717,-208.776699945563,-22.5448009502143
201.977101576049,-199.333720233175,-22.4263027524576
195.292450139765,-189.03741869214,-22.4827820295468
188.050794587936,-178.115349677508,-22.2902509905398
180.809162220918,-166.965688993689,-22.0237408783287
173.233361022547,-155.929774625227,-21.7452521193773
165.657591304276,-144.950701220543,-21.553792687133
157.970463557169,-134.142257172032,-21.0983619214967
150.17197199678,-123.618212009547,-20.6789615517482
142.484918282367,-113.321672925144,-20.2285945490003
134.018088820856,-103.366444832063,-19.6612424720079
124.994304379914,-94.3782965249848,-18.7519203983247
115.413540652487,-86.1296667568386,-18.0856235390529
105.610003319569,-78.5067779780366,-17.3223556634039
95.4722938137129,-71.7940831809537,-16.2971170805395
85.7801940143108,-65.0813368717209,-15.8399076210335
76.4223207691684,-58.5961124012247,-14.8817259967327
66.7302484302782,-52.2246356891701,-14.1715620979667
57.9293966083787,-45.3979963978054,-13.4644240420312
49.6855689054355,-38.7419885607669,-12.6253107534721
42.1101710540242,-32.8824041478802,-11.7502234606072
35.314599157311,-27.9330279530259,-11.448158708401
29.0760499569587,-23.4956438590307,-10.5641093961895
23.5059210858308,-20.2529338673921,-10.4290753593668
19.049817354884,-17.1808798598358,-10.4200515123084
14.3709118617699,-13.9381490109954,-10.0590313719586
9.35780118266121,-10.4678486284101,-9.80301543138921
3.5648768520914,-6.71308670158032,-10.1840045219287
-2.00523852463812,-3.24276704527438,-10.0700011402369
-7.35254650842398,-0.113781463471241,-9.90400423761457
-12.03143856721,2.33252279832959,-10.1270117675886
-15.0392976584844,3.41345073515549,-10.0750186312944
-17.2673421790823,3.5272345666308,-9.95502433087677
-19.3839837289415,3.01521817350294,-10.2870301483199
-22.28044105554,1.36538279103115,-10.6020390344784
-25.0654983003624,-1.99118489085231,-9.98904952779412
-28.0733556640334,-6.7700347477803,-9.2870653225109
-31.861022638157,-11.7195688955253,-8.61609026230872
-36.8741100146435,-16.157098258147,-8.09512692689896
-42.2214051722549,-19.6274903499288,-7.52916976995766
-46.6774815297686,-22.8134306088323,-6.9822113737464
-51.133552451618,-26.3976184661733,-6.52725930977613
-54.8097995631397,-30.2662649328122,-6.40030696056783
-58.1518367482349,-33.8504573513055,-6.4743545036763
-62.3850987204351,-36.3537244066829,-6.59040821716189
-66.841168963816,-38.4018665573094,-6.61746529862285
-71.7428667531349,-38.2881311221281,-6.8945178296417
-76.4217759091407,-36.9227756100008,-6.84256410505623
-80.6550835333765,-34.8747108996613,-6.66260469518602
-84.5541855944321,-32.4283946554642,-6.58064228016883
-88.7874953392893,-29.868292488507,-6.39168729167432
-93.1322005209513,-27.9908897790592,-6.22674071229994
-96.4742783578113,-26.9668572667288,-6.07378594949841
-98.1453212476335,-26.4548413971206,-5.73580928705633
-98.3681301921606,-26.3979518865235,-5.47681248281151
-98.3681401791982,-26.397954561864,-4.82881248183548
-98.1453486834653,-26.2841720179422,-4.02880858257413
-98.0339561579749,-26.1134970957646,-3.46880617178977
-97.9225616874173,-26.0566061593127,-2.98280422948301
